Название товара,Цена,Ссылка
Диван Льери Мини Velvet Light,64990,https://www.divan.ru/product/divan-leri-mini-velvet-light
Диван Льери Мини Velvet Light,36990,https://www.divan.ru/product/divan-numo-velvet-yellow
Диван Льери Мини Velvet Light,72990,https://www.divan.ru/product/divan-tut-ryadom-dom-sero-grafitovyj
Диван Льери Мини Velvet Light,72990,https://www.divan.ru/product/divan-uglovoj-ebi-1-velvet-coral
Диван Льери Мини Velvet Light,74990,https://www.divan.ru/product/divan-bonent-velvet-eclipse
Диван Льери Мини Velvet Light,24990,https://www.divan.ru/product/divan-numo-mini-textile-yellow
Диван Льери Мини Velvet Light,109990,https://www.divan.ru/product/divan-tut-ryadom-kosmos-svetlo-bejevyj
Диван Льери Мини Velvet Light,32990,https://www.divan.ru/product/divan-lins-velvet-navy-blue
Диван Льери Мини Velvet Light,50990,https://www.divan.ru/product/kreslo-tut-ryadom-dom-sine-bejevyj
Диван Льери Мини Velvet Light,72990,https://www.divan.ru/product/divan-uglovoj-edvin-velvet-smoke
Диван Льери Мини Velvet Light,49990,https://www.divan.ru/product/divan-brukvil-velvet-blue
Диван Льери Мини Velvet Light,69990,https://www.divan.ru/product/divan-bajma-velvet-grey
Диван Льери Мини Velvet Light,62990,https://www.divan.ru/product/divan-spejs-velvet-beige
Диван Льери Мини Velvet Light,40990,https://www.divan.ru/product/divan-uglovoj-beller-textile-yellow
Диван Льери Мини Velvet Light,33990,https://www.divan.ru/product/kreslo-benel-cozy-ivory
Диван Льери Мини Velvet Light,36990,https://www.divan.ru/product/divan-numo-velvet-grafit
Диван Льери Мини Velvet Light,20990,https://www.divan.ru/product/kreslo-krovat-mare-mini-velvet-grafit
Диван Льери Мини Velvet Light,56990,https://www.divan.ru/product/divan-klajmar-velvet-beige
Диван Льери Мини Velvet Light,15990,https://www.divan.ru/product/puf-tut-ryadom-dom-sero-grafitovyj
Диван Льери Мини Velvet Light,89990,https://www.divan.ru/product/divan-marej-soft-grey
Диван Льери Мини Velvet Light,64990,https://www.divan.ru/product/divan-svaut-velvet-grey
Диван Льери Мини Velvet Light,33990,https://www.divan.ru/product/kreslo-benel-cozy-beige
Диван Льери Мини Velvet Light,32990,https://www.divan.ru/product/divan-lins-velvet-grafit
Диван Льери Мини Velvet Light,56990,https://www.divan.ru/product/divan-uglovoj-aront-mini-velvet-pink
Диван Льери Мини Velvet Light,30990,https://www.divan.ru/product/divan-rejli-velvet-coral
Диван Льери Мини Velvet Light,89990,https://www.divan.ru/product/divan-uglovoj-vajvel-barhat-forest
Диван Льери Мини Velvet Light,49990,https://www.divan.ru/product/divan-brukvil-velvet-smoke
Диван Льери Мини Velvet Light,29990,https://www.divan.ru/product/divan-korens-happy-grey
Диван Льери Мини Velvet Light,99990,https://www.divan.ru/product/divan-uglovoj-shera-velve-light
Диван Льери Мини Velvet Light,23990,https://www.divan.ru/product/divan-vidi-textile-ocean
Диван Льери Мини Velvet Light,15990,https://www.divan.ru/product/puf-tut-ryadom-dom-zelenyj
Диван Льери Мини Velvet Light,22990,https://www.divan.ru/product/kreslo-pajl-barhat-beige
Диван Льери Мини Velvet Light,105980,https://www.divan.ru/product/modulnyj-divan-brera-2-velour-mix
Диван Льери Мини Velvet Light,30990,https://www.divan.ru/product/kreslo-geta-soft-silver
Диван Льери Мини Velvet Light,46990,https://www.divan.ru/product/divan-uglovoj-numo-velvet-yellow
Диван Льери Мини Velvet Light,114970,https://www.divan.ru/product/modulnyj-divan-nolan-b-3-soft-jungle
Диван Льери Мини Velvet Light,72990,https://www.divan.ru/product/divan-tut-ryadom-dom-sine-bejevyj
Диван Льери Мини Velvet Light,26990,https://www.divan.ru/product/kreslo-elvit-cozy-ivory
Диван Льери Мини Velvet Light,64990,https://www.divan.ru/product/divan-svaut-velvet-mustard
Диван Льери Мини Velvet Light,27990,https://www.divan.ru/product/kreslo-ribs-velvet-beige
Диван Льери Мини Velvet Light,7990,https://www.divan.ru/product/puf-krops-bucle-smoky
Диван Льери Мини Velvet Light,11990,https://www.divan.ru/product/puf-londi-cozy-beige
Диван Льери Мини Velvet Light,74990,https://www.divan.ru/product/divan-misl-barhat-mint
Диван Льери Мини Velvet Light,49990,https://www.divan.ru/product/divan-uglovoj-mejlon-velvet-eclipse
Диван Льери Мини Velvet Light,50990,https://www.divan.ru/product/kreslo-tut-ryadom-dom-rozovyj
Диван Льери Мини Velvet Light,24990,https://www.divan.ru/product/divan-numo-mini-textile-light
Диван Льери Мини Velvet Light,89990,https://www.divan.ru/product/divan-uglovoj-bonent-velvet-grey
Диван Льери Мини Velvet Light,30990,https://www.divan.ru/product/divan-rejli-velvet-mint
